{"cameraMode":{"drawMode":0,"name":"Shaded","section":"Shading Mode"},"sceneLighting":true,"audioPlay":false,"sceneViewState":{"m_AlwaysRefresh":false,"showFog":true,"showSkybox":true,"showFlares":true,"showImageEffects":true,"showParticleSystems":true,"showVisualEffectGraphs":true,"m_FxEnabled":true},"in2DMode":false,"pivot":{"x":-0.11659860610961914,"y":0.0358605831861496,"z":-0.06762363016605377},"rotation":{"x":0.016266528517007829,"y":0.9800443649291992,"z":-0.1771325021982193,"w":0.08989819884300232},"size":3.733823537826538,"orthographic":false}